{"Sender Throughput": {"UDP_STREAM_1472": {"new": 9596.02, "old": 9589.29, "ratio": 0.07018246397803019}, "UDP_STREAM_466": {"new": 5951.698, "old": 5645.564, "ratio": 5.4225583130401045}, "UDP_STREAM_18": {"new": 206.414, "old": 191.144, "ratio": 7.9887414723977646}, "UDP_STREAM_210": {"new": 2395.788, "old": 2257.264, "ratio": 6.136809872482796}, "UDP_STREAM_978": {"new": 9357.314, "old": 9336.466, "ratio": 0.2232964807026505}, "UDP_STREAM_82": {"new": 920.886, "old": 873.442, "ratio": 5.431843213401688}}, "RR Throughput": {"TCP_RR": {"new": 463433.8, "old": 473122.6, "ratio": -2.0478412994855866}, "UDP_RR": {"new": 510608.2, "old": 493595.8, "ratio": 3.4466257614023554}}, "Receiver Throughput": {"UDP_STREAM_1472": {"new": 9596.02, "old": 9589.29, "ratio": 0.07018246397803019}, "UDP_STREAM_466": {"new": 5951.698, "old": 5645.564, "ratio": 5.4225583130401045}, "UDP_STREAM_18": {"new": 206.414, "old": 191.144, "ratio": 7.9887414723977646}, "UDP_STREAM_210": {"new": 2395.788, "old": 2257.264, "ratio": 6.136809872482796}, "UDP_STREAM_978": {"new": 9357.314, "old": 9336.466, "ratio": 0.2232964807026505}, "UDP_STREAM_82": {"new": 920.886, "old": 873.442, "ratio": 5.431843213401688}}, "Stream Throughput": {"TCP_STREAM": {"new": 9432.292, "old": 9431.62, "ratio": 0.007124968987293201}}}